Titre	Contenu	Date	Catégorie	Image	Étiquette(s)
Comment trouver des partenaires de Golf près de chez vous en 2025	"<h2>Pourquoi jouer au Golf avec des partenaires ?</h2>

<p>Le golf est avant tout un sport social. Que vous soyez débutant ou joueur confirmé, partager une partie avec d'autres passionnés enrichit considérablement votre expérience sur le parcours. Trouver des partenaires réguliers vous permet de :</p>

<ul>
<li>Progresser plus rapidement grâce aux conseils et à l'observation</li>
<li>Profiter de tarifs de groupe avantageux</li>
<li>Créer des amitiés durables autour de votre passion</li>
<li>Participer à des compétitions en équipe</li>
<li>Rendre vos parties plus conviviales et motivantes</li>
</ul>

<h2>Les méthodes traditionnelles pour trouver des partenaires</h2>

<h3>1. le club de Golf local</h3>

<p>Votre club de golf reste le premier endroit pour rencontrer d'autres joueurs. Les avantages :</p>

<ul>
<li>Proximité géographique</li>
<li>Niveau de jeu similaire</li>
<li>Calendrier de compétitions régulières</li>
<li>Infrastructures du club (practice, cours)</li>
</ul>

<p>Cependant, l'adhésion à un club peut être coûteuse (entre 800€ et 3000€ par an selon les clubs) et chronophage avec les obligations sociales.</p>

<h3>2. les forums et groupes facebook</h3>

<p>De nombreux groupes Facebook régionaux existent pour les golfeurs. Le problème ? L'organisation reste artisanale, les messages se perdent, et il est difficile de trouver rapidement quelqu'un disponible le jour même.</p>

<h2>La solution moderne : Les applications de matching Golf</h2>

<p>En 2025, les applications dédiées au golf changent la donne. Des plateformes comme <strong>Golf Buddies</strong> permettent de :</p>

<ul>
<li>Trouver des partenaires disponibles en quelques clics</li>
<li>Filtrer par niveau, distance et type de jeu</li>
<li>Organiser des parties spontanées ou planifiées</li>
<li>Consulter les profils et avis des autres joueurs</li>
<li>Communiquer facilement via messagerie intégrée</li>
</ul>

<h2>Comment utiliser Golf Buddies pour trouver vos partenaires</h2>

<h3>Étape 1 : Créer votre profil</h3>

<p>Renseignez vos informations clés :</p>

<ul>
<li>Votre index ou niveau de jeu</li>
<li>Vos parcours préférés</li>
<li>Vos disponibilités habituelles</li>
<li>Votre style de jeu (compétitif, décontracté, etc.)</li>
</ul>

<h3>Étape 2 : Publier une disponibilité</h3>

<p>En quelques secondes, créez un événement avec :</p>

<ul>
<li>Le parcours souhaité</li>
<li>La date et l'heure</li>
<li>Le nombre de joueurs recherchés</li>
<li>Le format (18 trous, 9 trous, scramble, etc.)</li>
</ul>

<h3>Étape 3 : Recevoir des candidatures</h3>

<p>Les golfeurs intéressés vous contactent. Vous pouvez consulter leurs profils et accepter ceux qui correspondent à vos attentes.</p>

<h2>Conseils pour une première partie réussie</h2>

<h3>Avant la partie</h3>

<ul>
<li>Confirmez l'heure et le lieu de rendez-vous 24h avant</li>
<li>Précisez le dress code du parcours</li>
<li>Discutez du budget (green fee, location de voiturette, etc.)</li>
<li>Échangez vos numéros de téléphone</li>
</ul>

<h3>Sur le parcours</h3>

<ul>
<li>Arrivez 15 minutes en avance pour faire connaissance</li>
<li>Respectez le rythme de jeu</li>
<li>Restez positif et encourageant</li>
<li>Proposez des conseils uniquement si on vous le demande</li>
</ul>

<h3>Après la partie</h3>

<ul>
<li>Prenez un verre au club house pour débriefer</li>
<li>Échangez sur vos prochaines disponibilités</li>
<li>Laissez un avis sur l'application</li>
<li>Ajoutez en ami les partenaires avec qui le feeling est passé</li>
</ul>

<h2>Les erreurs à éviter</h2>

<p><strong>Ne soyez pas trop exigeant au début.</strong> Si vous cherchez uniquement des joueurs de votre niveau exact, vous limiterez vos opportunités. Jouer avec des joueurs légèrement meilleurs vous fera progresser, et jouer avec des débutants vous rappellera vos bases.</p>

<p><strong>N'annulez pas au dernier moment.</strong> Rien de plus frustrant pour un golfeur que de se retrouver sans partenaire le jour J. Si vous avez un imprévu, prévenez au moins 48h à l'avance.</p>

<p><strong>Ne transformez pas la partie en compétition acharnée.</strong> Sauf accord préalable, une partie entre inconnus doit rester conviviale. Gardez votre esprit de compétition pour les tournois officiels.</p>

<h2>Faq - questions fréquentes</h2>

<h3>Quel est le meilleur moment pour trouver des partenaires ?</h3>

<p>Les créneaux les plus demandés sont le samedi matin et le dimanche après-midi. Pour maximiser vos chances, publiez votre disponibilité au moins 3 jours à l'avance. Les parties en semaine (mercredi après-midi) sont plus faciles à remplir pour les retraités et travailleurs flexibles.</p>

<h3>Dois-je payer pour utiliser Golf Buddies ?</h3>

<p>L'application est gratuite pour publier et rejoindre des parties. Seuls les green fees du parcours sont à votre charge, comme d'habitude.</p>

<h3>Que faire si mon niveau ne correspond pas ?</h3>

<p>Soyez transparent sur votre niveau dès le départ. La plupart des golfeurs sont tolérants si vous jouez dans un rythme correct. Si l'écart est trop important, proposez de jouer en scramble ou en best ball pour équilibrer.</p>

<h3>Comment gérer les désaccords sur le parcours ?</h3>

<p>En cas de conflit sur une règle, référez-vous au livret des règles de golf ou demandez l'avis d'un marshall. Privilégiez toujours le fair-play et l'esprit sportif. Si un joueur a un comportement inacceptable, vous pouvez le signaler sur l'application.</p>

<h2>Conclusion</h2>

<p>Trouver des partenaires de golf n'a jamais été aussi simple. Que vous soyez nouveau dans une région, que vous cherchiez à élargir votre réseau de golfeurs, ou simplement à organiser une partie spontanée, les outils numériques comme <strong>Golf Buddies</strong> révolutionnent la façon dont nous vivons notre passion.</p>

<p>N'attendez plus : téléchargez l'application, créez votre profil, et rejoignez une communauté de milliers de golfeurs passionnés prêts à partager leur prochain parcours avec vous !</p>

<p><em>Prêt à trouver vos prochains partenaires de golf ? <a href=""https://golf-buddies.vercel.app"">Inscrivez-vous gratuitement sur Golf Buddies</a> et organisez votre première partie dès cette semaine !</em></p>"		Conseils Golf, Communauté		partenaires golf, application golf, trouver golfeurs, golf buddies, parties golf
Top 15 des plus beaux parcours de Golf en Île-de-france	"<h2>Introduction : Le Golf en Île-de-france</h2>

<p>L'Île-de-France compte plus de 100 parcours de golf, offrant une diversité exceptionnelle à moins d'une heure de Paris. Des links en forêt aux parcours de château, la région parisienne est un véritable paradis pour les golfeurs. Voici notre sélection des 15 parcours incontournables.</p>

<h2>1. Golf National - saint-quentin-en-yvelines ⭐⭐⭐⭐⭐</h2>

<p><strong>Le temple du golf français</strong>, hôte de la Ryder Cup 2018 et des Jeux Olympiques 2024. L'Albatros, parcours principal, est considéré comme l'un des plus difficiles d'Europe.</p>

<ul>
<li><strong>Particularités :</strong> Spectaculaire, bunkers profonds, greens rapides</li>
<li><strong>Nombre de trous :</strong> 45 (3 parcours)</li>
<li><strong>Green fee :</strong> 150-250€ (Albatros)</li>
<li><strong>Niveau recommandé :</strong> Index < 28</li>
<li><strong>Pourquoi y aller :</strong> Jouer où les légendes ont joué</li>
</ul>

<h2>2. Golf de Morfontaine ⭐⭐⭐⭐⭐</h2>

<p>Le parcours le plus exclusif de France, classé dans le Top 100 mondial. L'adhésion se fait sur cooptation uniquement.</p>

<ul>
<li><strong>Particularités :</strong> Dessiné par Tom Simpson, fairways étroits</li>
<li><strong>Nombre de trous :</strong> 18</li>
<li><strong>Green fee :</strong> Sur invitation uniquement</li>
<li><strong>Niveau recommandé :</strong> Excellent</li>
<li><strong>Anecdote :</strong> Aucun panneau publicitaire, l'essence du golf traditionnel</li>
</ul>

<h2>3. Golf de Chantilly ⭐⭐⭐⭐⭐</h2>

<p>Domaine royal avec deux parcours 18 trous exceptionnels : Vineuil et Longères.</p>

<ul>
<li><strong>Particularités :</strong> Château, forêt de Chantilly, infrastructures 5 étoiles</li>
<li><strong>Nombre de trous :</strong> 36</li>
<li><strong>Green fee :</strong> 120-180€</li>
<li><strong>Niveau recommandé :</strong> Tous niveaux (Longères plus accessible)</li>
<li><strong>À ne pas manquer :</strong> Le restaurant gastronomique du club</li>
</ul>

<h2>4. Golf de fontainebleau ⭐⭐⭐⭐</h2>

<p>Créé en 1909, c'est l'un des plus anciens parcours de France, niché dans la forêt de Fontainebleau.</p>

<ul>
<li><strong>Particularités :</strong> Parcours en forêt, rochers typiques de Fontainebleau</li>
<li><strong>Nombre de trous :</strong> 18</li>
<li><strong>Green fee :</strong> 80-100€</li>
<li><strong>Niveau recommandé :</strong> Index < 36</li>
<li><strong>Conseil :</strong> Parfait pour une escapade nature le week-end</li>
</ul>

<h2>5. Golf de saint-cloud ⭐⭐⭐⭐</h2>

<p>Club historique de 1911 avec vue panoramique sur Paris et La Défense.</p>

<ul>
<li><strong>Particularités :</strong> Parcours vallonné, greens surélevés, vue exceptionnelle</li>
<li><strong>Nombre de trous :</strong> 18 (Jaune) + 9 (Vert)</li>
<li><strong>Green fee :</strong> 100-130€</li>
<li><strong>Niveau recommandé :</strong> Intermédiaire à confirmé</li>
<li><strong>Point fort :</strong> À 15 minutes du centre de Paris</li>
</ul>

<h2>6. Golf de saint-nom-la-bretèche ⭐⭐⭐⭐</h2>

<p>Ancien hôte de l'Open de France, deux parcours de championnat : Rouge et Bleu.</p>

<ul>
<li><strong>Particularités :</strong> Parcours technique, eau omniprésente</li>
<li><strong>Nombre de trous :</strong> 36</li>
<li><strong>Green fee :</strong> 110-150€</li>
<li><strong>Niveau recommandé :</strong> Confirmé</li>
<li><strong>Challenge :</strong> Le Rouge est redoutable pour les handicaps élevés</li>
</ul>

<h2>7. racing club de France - la boulie ⭐⭐⭐⭐</h2>

<p>Club mythique fondé en 1883, berceau du golf français.</p>

<ul>
<li><strong>Particularités :</strong> Tradition, élégance, parcours vallonné</li>
<li><strong>Nombre de trous :</strong> 18</li>
<li><strong>Green fee :</strong> Sur invitation</li>
<li><strong>Niveau recommandé :</strong> Tous niveaux</li>
<li><strong>Histoire :</strong> A accueilli les premiers championnats de France</li>
</ul>

<h2>8. Golf d'isabella - bièvres ⭐⭐⭐⭐</h2>

<p>Parcours technique au sud de Paris, réputé pour ses greens rapides.</p>

<ul>
<li><strong>Particularités :</strong> Parcours compact, stratégie avant puissance</li>
<li><strong>Nombre de trous :</strong> 18</li>
<li><strong>Green fee :</strong> 70-90€</li>
<li><strong>Niveau recommandé :</strong> Tous niveaux</li>
<li><strong>Idéal pour :</strong> Travailler son petit jeu</li>
</ul>

<h2>9. Golf du haras de jardy - marnes-la-coquette ⭐⭐⭐⭐</h2>

<p>Parcours de l'ouest parisien avec un practice exceptionnel.</p>

<ul>
<li><strong>Particularités :</strong> Practice couvert 2 étages, parcours boisé</li>
<li><strong>Nombre de trous :</strong> 18</li>
<li><strong>Green fee :</strong> 90-120€</li>
<li><strong>Niveau recommandé :</strong> Intermédiaire</li>
<li><strong>Bonus :</strong> École de golf réputée</li>
</ul>

<h2>10. Paris country club - rueil-malmaison ⭐⭐⭐⭐</h2>

<p>Club select avec parcours vallonné et bunkers stratégiques.</p>

<ul>
<li><strong>Particularités :</strong> Ambiance anglaise, entretien impeccable</li>
<li><strong>Nombre de trous :</strong> 18</li>
<li><strong>Green fee :</strong> Sur invitation</li>
<li><strong>Niveau recommandé :</strong> Confirmé</li>
<li><strong>Atmosphère :</strong> Club très prisé de l'élite parisienne</li>
</ul>

<h2>11. Golf de marivaux - frépillon ⭐⭐⭐</h2>

<p>Parcours de château au nord de Paris, excellent rapport qualité-prix.</p>

<ul>
<li><strong>Particularités :</strong> Château du XVIIe, parcours vallonné</li>
<li><strong>Nombre de trous :</strong> 18</li>
<li><strong>Green fee :</strong> 50-70€</li>
<li><strong>Niveau recommandé :</strong> Tous niveaux</li>
<li><strong>Bon plan :</strong> Tarifs attractifs en semaine</li>
</ul>

<h2>12. Golf de villarceaux - chaussy ⭐⭐⭐⭐</h2>

<p>Domaine Renaissance exceptionnel dans le Vexin français.</p>

<ul>
<li><strong>Particularités :</strong> Deux châteaux classés, jardins à la française</li>
<li><strong>Nombre de trous :</strong> 18</li>
<li><strong>Green fee :</strong> 60-80€</li>
<li><strong>Niveau recommandé :</strong> Intermédiaire</li>
<li><strong>Escapade :</strong> Parfait pour un week-end golf + culture</li>
</ul>

<h2>13. Golf de courson - courson-monteloup ⭐⭐⭐</h2>

<p>Parcours familial avec château historique et arboretum.</p>

<ul>
<li><strong>Particularités :</strong> Domaine botanique, ambiance décontractée</li>
<li><strong>Nombre de trous :</strong> 18</li>
<li><strong>Green fee :</strong> 45-65€</li>
<li><strong>Niveau recommandé :</strong> Débutant à intermédiaire</li>
<li><strong>En famille :</strong> Accueil jeunes et débutants</li>
</ul>

<h2>14. Golf Paris international - baillet-en-france ⭐⭐⭐</h2>

<p>Parcours nord accessible avec practice éclairé.</p>

<ul>
<li><strong>Particularités :</strong> Ouvert tard le soir, practice indoor</li>
<li><strong>Nombre de trous :</strong> 18</li>
<li><strong>Green fee :</strong> 40-60€</li>
<li><strong>Niveau recommandé :</strong> Tous niveaux</li>
<li><strong>Praticité :</strong> Proche de l'aéroport CDG</li>
</ul>

<h2>15. Golf de feucherolles ⭐⭐⭐</h2>

<p>Parcours des Yvelines, idéal pour progresser.</p>

<ul>
<li><strong>Particularités :</strong> Large, généreux, peu d'obstacles d'eau</li>
<li><strong>Nombre de trous :</strong> 18</li>
<li><strong>Green fee :</strong> 45-60€</li>
<li><strong>Niveau recommandé :</strong> Débutant à intermédiaire</li>
<li><strong>Idéal pour :</strong> Reprendre confiance</li>
</ul>

<h2>Carte interactive et conseils pratiques</h2>

<h3>Quand réserver ?</h3>

<ul>
<li><strong>Haute saison (avril-octobre) :</strong> Réservez 7-10 jours à l'avance</li>
<li><strong>Week-end :</strong> Complet rapidement, anticipez 2 semaines</li>
<li><strong>Semaine :</strong> Souvent possible 48h avant</li>
</ul>

<h3>Budget à prévoir</h3>

<ul>
<li><strong>Green fee :</strong> 40€ (parcours municipaux) à 250€ (Golf National)</li>
<li><strong>Location clubs :</strong> 15-30€</li>
<li><strong>Voiturette :</strong> 25-45€</li>
<li><strong>Caddie :</strong> 40-80€</li>
</ul>

<h3>Transports</h3>

<p>La plupart des parcours sont accessibles en voiture (30-60 min depuis Paris). Certains comme Saint-Cloud sont accessibles en RER + bus.</p>

<h2>Trouvez vos partenaires pour jouer sur ces parcours</h2>

<p>Vous rêvez de jouer au Golf National ou à Chantilly mais vous n'avez personne pour vous accompagner ? <strong>Golf Buddies</strong> vous permet de trouver des partenaires qui partagent les mêmes envies de découverte.</p>

<p>Créez simplement un événement en précisant le parcours souhaité, la date, et laissez d'autres golfeurs vous rejoindre. Vous pouvez également consulter les disponibilités déjà publiées et vous inscrire en un clic !</p>

<p><a href=""https://golf-buddies.vercel.app"">Trouvez vos partenaires sur Golf Buddies →</a></p>

<h2>Conclusion</h2>

<p>L'Île-de-France offre une richesse golfique exceptionnelle. Que vous recherchiez le prestige des parcours de championnat ou la convivialité des clubs familiaux, vous trouverez forcément votre bonheur à moins d'une heure de Paris.</p>

<p>N'hésitez pas à varier les parcours pour progresser : les links techniques vous apprendront la précision, tandis que les parcours généreux vous permettront de travailler votre régularité.</p>

<p><em>Quel est votre parcours préféré en Île-de-France ? Partagez vos recommandations en commentaire !</em></p>"		Parcours Golf, Île-de-France		golf paris, parcours ile de france, golf national, golf chantilly, meilleurs golfs
Golf pour débutants : Le guide complet pour bien commencer en 2025	"<h2>Pourquoi se mettre au Golf en 2025 ?</h2>

<p>Le golf connaît un renouveau spectaculaire ces dernières années. Sport longtemps perçu comme élitiste, il s'ouvre désormais à tous grâce à des initiatives accessibles et des formats modernes. Voici pourquoi vous devriez franchir le pas :</p>

<ul>
<li><strong>Sport en plein air :</strong> 4-5 heures de marche par partie (10-15km)</li>
<li><strong>Accessible à tous âges :</strong> De 7 à 77 ans et plus</li>
<li><strong>Social :</strong> Rencontres, networking, moments de convivialité</li>
<li><strong>Challenge mental :</strong> Concentration, stratégie, gestion du stress</li>
<li><strong>Santé :</strong> Cardio doux, renforcement musculaire, bien-être</li>
</ul>

<h2>Combien coûte vraiment le Golf pour débuter ?</h2>

<h3>Budget minimum (300-500€ la première année)</h3>

<ul>
<li><strong>Cours collectifs :</strong> 150-300€ (10 séances)</li>
<li><strong>Demi-série occasion :</strong> 100-200€ (fer 7, 9, SW, putter, bois)</li>
<li><strong>Balles practice :</strong> 5-10€/session</li>
<li><strong>Green fees :</strong> 15-30€ (parcours 9 trous débutants)</li>
</ul>

<h3>Budget confort (800-1200€)</h3>

<ul>
<li><strong>Cours particuliers :</strong> 400-600€</li>
<li><strong>Série complète neuve :</strong> 400-600€ (gamme débutant)</li>
<li><strong>Licence FFGolf :</strong> 40€ (obligatoire pour jouer)</li>
<li><strong>Vêtements adaptés :</strong> 100-200€</li>
</ul>

<p><strong>Astuce :</strong> Beaucoup de clubs proposent des formules découverte à 150€ incluant 5 cours + location de matériel + accès practice illimité pendant 1 mois.</p>

<h2>Les 7 étapes pour devenir golfeur</h2>

<h3>Étape 1 : Prendre des cours (obligatoire)</h3>

<p>Ne faites JAMAIS l'erreur d'apprendre seul. Un mauvais swing ancré est très difficile à corriger. Options :</p>

<ul>
<li><strong>Cours collectifs :</strong> 6-10 personnes, 15-30€/h, ambiance conviviale</li>
<li><strong>Cours individuels :</strong> 50-80€/h, progression rapide, personnalisé</li>
<li><strong>Stages intensifs :</strong> Week-end ou semaine, 300-800€, immersion totale</li>
</ul>

<p><strong>Recommandation :</strong> Commencez par 10 cours collectifs, puis 3-5 cours individuels pour affiner.</p>

<h3>Étape 2 : Acquérir le matériel de base</h3>

<p>Pour débuter, inutile d'investir dans une série complète. Voici l'essentiel :</p>

<ul>
<li><strong>Driver :</strong> Le club le plus long, pour les départs</li>
<li><strong>Fer 7 :</strong> Le club polyvalent par excellence</li>
<li><strong>Fer 9 :</strong> Pour les approches courtes</li>
<li><strong>Sand Wedge (SW) :</strong> Pour sortir des bunkers</li>
<li><strong>Putter :</strong> Pour jouer sur le green</li>
<li><strong>Sac léger :</strong> Préférez un sac trépied pour débuter</li>
</ul>

<p><strong>Où acheter ?</strong></p>

<ul>
<li>Decathlon : Séries complètes 200-400€, parfait pour débuter</li>
<li>Le Bon Coin : Séries d'occasion 100-300€, vérifiez l'état des grips</li>
<li>Pro shop du club : Conseils personnalisés, prix élevés</li>
</ul>

<h3>Étape 3 : Obtenir sa carte verte (ou licence)</h3>

<p>La ""carte verte"" n'existe plus officiellement depuis 2019, mais le concept reste :</p>

<ul>
<li><strong>Formation règles + étiquette :</strong> 2-3 heures en ligne ou au club</li>
<li><strong>Test pratique :</strong> Parcourir 9 trous en respectant les règles</li>
<li><strong>Licence FFGolf :</strong> 40€/an, obligatoire pour jouer en compétition</li>
</ul>

<p>Sans ce sésame, vous ne pourrez jouer que sur practice ou parcours école.</p>

<h3>Étape 4 : Pratiquer au practice</h3>

<p>Le practice est votre meilleur ami les 6 premiers mois. Programme type :</p>

<ul>
<li><strong>20 min :</strong> Échauffement (petits swings, putting)</li>
<li><strong>30 min :</strong> Travail technique (fers moyens)</li>
<li><strong>20 min :</strong> Jeu réel (imaginer des situations de parcours)</li>
<li><strong>10 min :</strong> Putting green</li>
</ul>

<p><strong>Fréquence idéale :</strong> 2-3 fois par semaine pour progresser rapidement.</p>

<h3>Étape 5 : Jouer ses premiers 9 trous</h3>

<p>Une fois capable d'envoyer la balle à 100m régulièrement, testez un parcours 9 trous :</p>

<ul>
<li><strong>Compact :</strong> Trous courts (80-150m), parfait pour débuter</li>
<li><strong>Durée :</strong> 2h environ</li>
<li><strong>Tarif :</strong> 15-25€</li>
<li><strong>Conseil :</strong> Jouez en semaine, moins de monde, moins de stress</li>
</ul>

<h3>Étape 6 : Passer aux 18 trous</h3>

<p>Après 5-10 parties de 9 trous, lancez-vous sur un parcours complet :</p>

<ul>
<li><strong>Durée :</strong> 4-5h (prévoyez large)</li>
<li><strong>Condition physique :</strong> 10-15km de marche</li>
<li><strong>Budget :</strong> 30-80€ selon le parcours</li>
<li><strong>Préparation :</strong> Snacks, eau, crème solaire</li>
</ul>

<h3>Étape 7 : Obtenir son index</h3>

<p>Après 3 cartes de score rentrées (18 trous), vous obtenez votre premier index :</p>

<ul>
<li><strong>Index 54 :</strong> Débutant complet</li>
<li><strong>Index 40-50 :</strong> Joueur occasionnel</li>
<li><strong>Index 20-35 :</strong> Joueur régulier</li>
<li><strong>Index < 20 :</strong> Bon joueur</li>
<li><strong>Index < 10 :</strong> Excellent joueur</li>
<li><strong>Scratch (index 0) :</strong> Niveau professionnel</li>
</ul>

<h2>Les règles d'étiquette essentielles</h2>

<h3>Sur le parcours</h3>

<ul>
<li><strong>Silence :</strong> Ne parlez pas pendant le swing d'un autre joueur</li>
<li><strong>Rythme :</strong> Jouez en 4h15 maximum (18 trous)</li>
<li><strong>Priorité :</strong> Laissez passer les flights plus rapides</li>
<li><strong>Sécurité :</strong> Criez ""Fore!"" si votre balle part vers d'autres joueurs</li>
</ul>

<h3>Sur le green</h3>

<ul>
<li><strong>Marques :</strong> Relevez vos impacts de balle</li>
<li><strong>Ligne :</strong> Ne marchez pas sur la ligne de putt des autres</li>
<li><strong>Drapeau :</strong> Demandez si les joueurs veulent le laisser ou l'enlever</li>
<li><strong>Ordre :</strong> Le plus éloigné du trou joue en premier</li>
</ul>

<h3>Entretien du parcours</h3>

<ul>
<li><strong>Divots :</strong> Replacez les mottes de terre ou semez (selon club)</li>
<li><strong>Bunkers :</strong> Ratissez après votre passage</li>
<li><strong>Déchets :</strong> Ramenez tout avec vous</li>
</ul>

<h2>Les erreurs de débutant à éviter</h2>

<h3>1. acheter du matériel trop cher au début</h3>

<p>Votre swing va énormément évoluer. Gardez votre budget matériel pour dans 1-2 ans.</p>

<h3>2. négliger les cours</h3>

<p>YouTube ne remplacera jamais un prof qui corrige vos erreurs en temps réel.</p>

<h3>3. jouer trop vite sur le parcours</h3>

<p>Prenez le temps, le golf n'est pas une course. Les joueurs expérimentés apprécient la patience des débutants respectueux.</p>

<h3>4. comparer ses scores aux pros</h3>

<p>Un bon score de débutant sur 18 trous : 100-120 coups. Les pros tournent à 65-75. Soyez patient !</p>

<h3>5. jouer seul tout le temps</h3>

<p>Le golf est un sport social. Rejoignez des groupes de débutants ou utilisez des apps comme <strong>Golf Buddies</strong> pour trouver des partenaires de votre niveau.</p>

<h2>Progresser rapidement : Le plan 6 mois</h2>

<h3>Mois 1-2 : Les bases</h3>

<ul>
<li>10 cours collectifs</li>
<li>Practice 2x/semaine</li>
<li>Objectif : Envoyer la balle à 80m régulièrement</li>
</ul>

<h3>Mois 3-4 : Premiers parcours</h3>

<ul>
<li>5 cours individuels</li>
<li>Jouer 2-3 parcours de 9 trous</li>
<li>Practice 2x/semaine</li>
<li>Objectif : Terminer 9 trous en moins de 60 coups</li>
</ul>

<h3>Mois 5-6 : Passage aux 18 trous</h3>

<ul>
<li>Jouer 1 parcours 18 trous par semaine</li>
<li>Practice 1x/semaine (qualité > quantité)</li>
<li>Objectif : Index 40-45</li>
</ul>

<h2>Les ressources gratuites pour progresser</h2>

<h3>Applications mobiles</h3>

<ul>
<li><strong>Golf Buddies :</strong> Trouver des partenaires de jeu</li>
<li><strong>18Birdies :</strong> Tracker de scores et stats</li>
<li><strong>Golfshot :</strong> GPS de parcours</li>
<li><strong>The Golf Fix :</strong> Vidéos d'enseignement</li>
</ul>

<h3>Chaînes youtube francophones</h3>

<ul>
<li><strong>Julien Guerrier :</strong> Pro français, conseils techniques</li>
<li><strong>Golf Plus :</strong> Tests matériel et tips</li>
<li><strong>Romain Langasque :</strong> Vlogs et conseils</li>
</ul>

<h3>Sites web</h3>

<ul>
<li><strong>FFGolf.org :</strong> Règles officielles et formations</li>
<li><strong>Golf-Aficionados.com :</strong> Communauté francophone</li>
<li><strong>Golfeur-Debutant.fr :</strong> Guides et conseils</li>
</ul>

<h2>Faq débutants</h2>

<h3>À quel âge peut-on commencer le Golf ?</h3>

<p>Dès 5-6 ans avec du matériel junior adapté. Aucune limite d'âge supérieure - de nombreux golfeurs débutent après 50 ans !</p>

<h3>Faut-il être sportif pour jouer au Golf ?</h3>

<p>Non, le golf s'adapte à toutes les conditions physiques. C'est même un excellent sport pour reprendre une activité douce.</p>

<h3>Combien de temps pour devenir ""bon"" ?</h3>

<ul>
<li>6 mois : Jouer 18 trous sans gêner personne</li>
<li>1 an : Index 35-40</li>
<li>2-3 ans : Index 25-30 (joueur régulier)</li>
<li>5+ ans : Index < 20 (bon joueur)</li>
</ul>

<h3>Peut-on jouer au Golf sans être membre d'un club ?</h3>

<p>Oui ! Les ""green fees"" permettent de jouer sur n'importe quel parcours public sans adhésion. Seule la licence FFGolf est obligatoire (40€/an).</p>

<h3>Le Golf est-il vraiment un sport de riches ?</h3>

<p>Non, c'est un mythe. Budget réaliste : 50-100€/mois pour jouer 2-3 fois (green fees + practice). Moins cher que le tennis en club privé ou le ski !</p>

<h2>Conclusion : Lancez-vous !</h2>

<p>Le golf est un sport magnifique qui vous accompagnera toute votre vie. Chaque partie est différente, chaque parcours unique, chaque coup un nouveau défi. Ne vous laissez pas intimider par les apparences - la communauté golf est accueillante et bienveillante envers les débutants motivés.</p>

<p>Le meilleur moment pour commencer ? Aujourd'hui. Trouvez un club près de chez vous, réservez votre première leçon, et rejoignez les millions de passionnés à travers le monde.</p>

<p><em>Prêt à débuter le golf ? <a href=""https://golf-buddies.vercel.app"">Trouvez vos premiers partenaires de jeu sur Golf Buddies</a> et partagez vos débuts avec d'autres golfeurs !</em></p>"		Conseils Golf, Débutants		golf débutant, commencer golf, cours golf, matériel golf débutant, guide golf
Étiquette et règles du Golf : Le guide du savoir-vivre sur le parcours	"<h2>Pourquoi l'étiquette est aussi importante que les règles</h2>

<p>Le golf est unique parmi les sports : il n'y a pas d'arbitre sur chaque trou. Chaque joueur est responsable de son propre comportement et du respect des règles. L'étiquette n'est pas un ensemble de règles snobs, c'est le ciment qui permet à des milliers de golfeurs de partager les parcours en harmonie.</p>

<p><strong>Conséquences du non-respect de l'étiquette :</strong></p>

<ul>
<li>Remarques désagréables des autres joueurs</li>
<li>Réputation ternie au club</li>
<li>Dans les cas graves : exclusion du parcours</li>
<li>Impossibilité de participer à des compétitions</li>
</ul>

<h2>Les règles d'or avant de jouer</h2>

<h3>1. réserver à l'avance</h3>

<ul>
<li><strong>Week-end :</strong> 7-14 jours avant</li>
<li><strong>Semaine :</strong> 2-3 jours avant minimum</li>
<li><strong>Haute saison :</strong> Plusieurs semaines pour les parcours prestigieux</li>
</ul>

<p><strong>Astuce :</strong> Utilisez des apps comme Golf Buddies pour réserver avec d'autres joueurs et partager les coûts.</p>

<h3>2. arriver en avance</h3>

<ul>
<li><strong>30 minutes avant :</strong> Enregistrement, vestiaires, échauffement</li>
<li><strong>15 minutes avant :</strong> Présentation au starter</li>
<li><strong>10 minutes avant :</strong> Sur le tee de départ du 1</li>
</ul>

<p><strong>Retard = stress pour vous ET les autres joueurs.</strong> Si vous êtes en retard, appelez le club immédiatement.</p>

<h3>3. dress code : S'habiller correctement</h3>

<p><strong>Autorisé :</strong></p>

<ul>
<li>Polo ou chemise avec col</li>
<li>Pantalon, short bermuda, jupe de golf</li>
<li>Chaussures de golf (soft spikes ou sans crampons)</li>
<li>Casquette ou visière (conseillé)</li>
</ul>

<p><strong>INTERDIT :</strong></p>

<ul>
<li>T-shirt sans col</li>
<li>Jean (même noir)</li>
<li>Short de sport court</li>
<li>Claquettes, baskets de ville</li>
<li>Débardeur</li>
</ul>

<p><strong>Règle d'or :</strong> En cas de doute, appelez le club avant. Certains parcours sont très stricts (surtout les clubs privés).</p>

<h2>Sur le parcours : Les règles de comportement</h2>

<h3>Le silence est d'or</h3>

<ul>
<li><strong>Pendant l'adresse :</strong> Silence total quand un joueur s'apprête à taper</li>
<li><strong>Zone interdite :</strong> Ne vous placez jamais dans le champ de vision du joueur</li>
<li><strong>Téléphone :</strong> Mode silencieux obligatoire (vibration acceptée)</li>
<li><strong>Conversations :</strong> Possibles entre les coups, mais à voix basse</li>
</ul>

<p><strong>Exception :</strong> Criez fort ""FORE!"" si votre balle part vers d'autres joueurs (avertissement de danger).</p>

<h3>Le rythme de jeu (crucial)</h3>

<p>Le problème #1 sur les parcours : les flights lents qui bouchent tout le parcours.</p>

<p><strong>Temps standard :</strong></p>

<ul>
<li>9 trous : 2h-2h15</li>
<li>18 trous : 4h-4h15</li>
</ul>

<p><strong>Comment maintenir le rythme :</strong></p>

<ul>
<li>Marchez vite entre les coups</li>
<li>Préparez votre club à l'avance</li>
<li>Ne cherchez pas votre balle plus de 3 minutes</li>
<li>Jouez une balle provisoire en cas de doute</li>
<li>Si le flight derrière vous attend, laissez-le passer</li>
</ul>

<p><strong>Règle du ""prêt-golf"" :</strong> Le joueur prêt joue, même si ce n'est pas ""son tour"" selon les règles classiques. Cela accélère considérablement le jeu.</p>

<h3>Ordre de jeu</h3>

<h4>Sur le tee de départ : </h4>

<ul>
<li>1er trou : Tirage au sort ou par index (meilleur index joue en dernier)</li>
<li>Trous suivants : Celui qui a fait le meilleur score au trou précédent joue en premier</li>
</ul>

<h4>Sur le fairway et approches : </h4>

<ul>
<li>Le plus éloigné du trou joue en premier</li>
<li>MAIS : Si vous êtes prêt et que les autres ne le sont pas, jouez !</li>
</ul>

<h4>Sur le green : </h4>

<ul>
<li>Le plus éloigné du trou putte en premier</li>
<li>Marquez votre balle si elle gêne</li>
<li>Ne marchez JAMAIS sur la ligne de putt d'un autre joueur</li>
</ul>

<h3>Sécurité avant tout</h3>

<ul>
<li><strong>Vérifiez :</strong> Personne devant vous avant de frapper</li>
<li><strong>Attendez :</strong> Que le flight devant soit hors de portée (pas ""presque"" hors de portée)</li>
<li><strong>""Fore!"" :</strong> Criez immédiatement si votre balle part vers quelqu'un</li>
<li><strong>Protection :</strong> Tournez le dos et couvrez votre tête si vous entendez ""Fore!""</li>
</ul>

<h2>Sur le green : Zone sacrée</h2>

<h3>Réparations et entretien</h3>

<ul>
<li><strong>Impact de balle :</strong> Relevez toujours (utilisez un relève-pitch)</li>
<li><strong>Marques de chaussures :</strong> Évitez de traîner les pieds</li>
<li><strong>Drapeau :</strong> Reposez-le délicatement après le dernier putt</li>
<li><strong>Sortie :</strong> Quittez le green du côté de départ du trou suivant</li>
</ul>

<h3>Attitude sur le green</h3>

<ul>
<li><strong>Immobilité :</strong> Ne bougez pas pendant qu'un autre putte</li>
<li><strong>Ombre :</strong> Ne projetez pas votre ombre sur la ligne de putt</li>
<li><strong>Conseils :</strong> Donnez-en uniquement si on vous le demande</li>
<li><strong>Scores :</strong> Notez après avoir quitté le green, pas pendant</li>
</ul>

<h3>Le drapeau : In ou out ?</h3>

<p>Depuis 2019, vous pouvez putter avec le drapeau dans le trou sans pénalité. C'est une question de préférence :</p>

<ul>
<li><strong>Drapeau in :</strong> Gain de temps, aide visuelle pour les longs putts</li>
<li><strong>Drapeau out :</strong> Tradition, meilleur feeling pour les puristes</li>
</ul>

<p><strong>Étiquette :</strong> Demandez toujours aux autres joueurs ce qu'ils préfèrent avant de putter.</p>

<h2>Entretien du parcours : Laissez-le mieux que vous l'avez trouvé</h2>

<h3>Les divots</h3>

<ul>
<li><strong>Replacez :</strong> La motte de terre si elle est intacte</li>
<li><strong>Semez :</strong> Du mélange terre-graines si fourni par le club</li>
<li><strong>Tassez :</strong> Avec votre pied pour favoriser la repousse</li>
</ul>

<h3>Les bunkers</h3>

<ul>
<li><strong>Entrez :</strong> Par le côté le plus bas</li>
<li><strong>Ratissez :</strong> Toutes vos traces + celles des autres si vous êtes sympa</li>
<li><strong>Ratissez :</strong> En reculant vers la sortie</li>
<li><strong>Laissez :</strong> Le râteau à l'extérieur du bunker (ou selon indication du club)</li>
</ul>

<h3>Environnement</h3>

<ul>
<li><strong>Déchets :</strong> Ramenez TOUT (même les déchets des autres)</li>
<li><strong>Mégots :</strong> Jamais sur le parcours (cendrier portable)</li>
<li><strong>Voiturette :</strong> Respectez les zones interdites (panneaux 90°, zones humides)</li>
<li><strong>Faune :</strong> Ne dérangez pas les animaux, ne nourrissez pas les oiseaux</li>
</ul>

<h2>Les pénalités courantes à connaître</h2>

<h3>Balle perdue (1 coup de pénalité)</h3>

<ul>
<li>Vous avez 3 minutes pour chercher</li>
<li>Si vous ne trouvez pas : retournez au point de départ et rejouez</li>
<li><strong>Astuce :</strong> Jouez une ""balle provisoire"" si vous pensez l'avoir perdue</li>
</ul>

<h3>Balle dans l'obstacle d'eau (1 coup de pénalité)</h3>

<p>Vous avez 3 options :</p>

<ol>
<li>Rejouer depuis le point initial</li>
<li>Dropper en arrière de l'obstacle (ligne balle-drapeau)</li>
<li>Dropper latéralement (pour obstacles latéraux uniquement)</li>
</ol>

<h3>Balle hors limites (1 coup de pénalité)</h3>

<ul>
<li>Signalé par des piquets blancs</li>
<li>Même pénalité que balle perdue</li>
<li>Retournez rejouer depuis le point initial</li>
</ul>

<h3>Balle injouable (1 coup de pénalité)</h3>

<p>Vous pouvez déclarer votre balle injouable n'importe où (sauf dans un obstacle d'eau). Options :</p>

<ol>
<li>Rejouer depuis le point initial</li>
<li>Dropper dans un rayon de 2 longueurs de club (pas plus près du trou)</li>
<li>Dropper en arrière (ligne balle-drapeau)</li>
</ol>

<h2>Situations embarrassantes et comment les gérer</h2>

<h3>Vous ralentissez le jeu</h3>

<ul>
<li><strong>Signal :</strong> Le flight derrière attend sur chaque trou</li>
<li><strong>Action :</strong> Invitez-les à passer au prochain départ</li>
<li><strong>Comment :</strong> Faites signe, dites ""Passez, on vous laisse passer""</li>
</ul>

<h3>Vous perdez beaucoup de balles</h3>

<ul>
<li><strong>Solution 1 :</strong> Limitez la recherche à 1 minute</li>
<li><strong>Solution 2 :</strong> Jouez systématiquement une balle provisoire</li>
<li><strong>Solution 3 :</strong> Dropez une balle à l'endroit approximatif + 2 coups de pénalité</li>
</ul>

<h3>Vous tapez la balle d'un autre par erreur</h3>

<ul>
<li><strong>Pénalité :</strong> 2 coups pour vous</li>
<li><strong>Autre joueur :</strong> Replace sa balle à la position initiale (aucune pénalité)</li>
<li><strong>Excusez-vous :</strong> Ça arrive à tout le monde</li>
</ul>

<h3>Vous avez triché (volontairement ou non)</h3>

<ul>
<li><strong>Honnêteté :</strong> Déclarez-vous vous-même la pénalité</li>
<li><strong>Doute :</strong> Jouez deux balles et demandez au pro du club après</li>
<li><strong>Erreur découverte après :</strong> Ajoutez les pénalités à votre score</li>
</ul>

<h2>Golf en compétition : Règles supplémentaires</h2>

<h3>Avant la compétition</h3>

<ul>
<li>Arrivez 45 minutes avant (pas 30)</li>
<li>Vérifiez la feuille de règles locales</li>
<li>Comptez vos clubs (maximum 14 autorisés)</li>
<li>Marquez vos balles (identification unique)</li>
</ul>

<h3>Pendant la compétition</h3>

<ul>
<li><strong>Marqueur :</strong> Vérifiez les scores après chaque trou</li>
<li><strong>Carte de score :</strong> Signez et faites signer après le 18</li>
<li><strong>Conseils :</strong> Interdits (sauf à votre partenaire en 4-balles)</li>
<li><strong>Matériel :</strong> Ne prêtez pas vos clubs</li>
</ul>

<h3>Après la compétition</h3>

<ul>
<li>Rendez votre carte dans les 30 minutes</li>
<li>Ne quittez pas le club avant l'affichage des résultats</li>
<li>Contestations : Maximum 2 heures après l'affichage</li>
</ul>

<h2>Étiquette moderne : L'ère des smartphones</h2>

<h3>Téléphone sur le parcours : Oui ou non ?</h3>

<p><strong>Acceptable :</strong></p>

<ul>
<li>GPS de golf (applications)</li>
<li>Suivi de scores</li>
<li>Photos (sans gêner les autres)</li>
<li>Appels urgents (éloignez-vous du green)</li>
</ul>

<p><strong>Inacceptable :</strong></p>

<ul>
<li>Téléphoner pendant qu'un autre joue</li>
<li>Musique (même avec écouteurs)</li>
<li>Réseaux sociaux en plein milieu du fairway</li>
<li>Sonnerie forte</li>
</ul>

<h3>Photos et réseaux sociaux</h3>

<ul>
<li><strong>Demandez :</strong> L'autorisation avant de photographier quelqu'un</li>
<li><strong>Timing :</strong> Entre les trous, jamais pendant le jeu</li>
<li><strong>Partage :</strong> Ne taguez pas sans permission</li>
<li><strong>Stories :</strong> OK si vous ne ralentissez pas le jeu</li>
</ul>

<h2>Jouer avec des inconnus : Guide de survie</h2>

<h3>Au départ</h3>

<ul>
<li>Présentez-vous (prénom suffit)</li>
<li>Serrez la main</li>
<li>Échangez sur vos index/niveaux</li>
<li>Demandez les préférences (drapeau in/out, marques de balles, etc.)</li>
</ul>

<h3>Pendant la partie</h3>

<ul>
<li><strong>Encouragez :</strong> Les bons coups (""Joli coup!"", ""Bien joué!"")</li>
<li><strong>Consolez :</strong> Les mauvais (""Pas de chance"", ""Ça arrive"")</li>
<li><strong>NE critiquez PAS :</strong> Le swing ou les choix de club</li>
<li><strong>Proposez :</strong> Votre aide (chercher les balles, conseiller sur les distances)</li>
</ul>

<h3>Après la partie</h3>

<ul>
<li>Serrez les mains</li>
<li>Proposez un verre au club house</li>
<li>Échangez vos contacts si le feeling est passé</li>
<li>Partagez sur Golf Buddies pour retrouver vos nouveaux partenaires</li>
</ul>

<h2>Conclusion : Le golf, un sport de gentlemen</h2>

<p>L'étiquette du golf peut sembler intimidante au début, mais c'est ce qui fait la beauté de ce sport. Le respect des règles, des autres joueurs et du parcours crée une atmosphère unique que vous ne retrouverez nulle part ailleurs.</p>

<p>Retenez l'essentiel :</p>

<ol>
<li><strong>Respectez :</strong> Les autres joueurs, le parcours, les règles</li>
<li><strong>Jouez vite :</strong> Sans précipitation, mais sans traîner</li>
<li><strong>Restez humble :</strong> Le golf est un jeu difficile pour tout le monde</li>
<li><strong>Amusez-vous :</strong> C'est avant tout un loisir !</li>
</ol>

<p>Avec l'expérience, toutes ces règles deviendront naturelles. En cas de doute, observez les joueurs expérimentés et n'hésitez pas à poser des questions. La communauté golf est toujours prête à aider ceux qui montrent respect et bonne volonté.</p>

<p><em>Prêt à appliquer ces règles sur le parcours ? <a href=""https://golf-buddies.vercel.app"">Trouvez vos partenaires de jeu sur Golf Buddies</a> et partagez de belles parties dans le respect de l'étiquette !</em></p>"		Conseils Golf, Règles		étiquette golf, règles golf, savoir-vivre golf, comportement parcours, dress code golf
Golf d'hiver : Comment continuer à jouer toute l'année en France	"<h2>Le Golf en hiver : Mythe ou réalité ?</h2>

<p>Contrairement aux idées reçues, le golf ne s'arrête pas de novembre à mars ! Des milliers de golfeurs français continuent de jouer toute l'année, même par temps froid. Avec le bon équipement et les bonnes destinations, l'hiver peut être votre saison préférée pour pratiquer.</p>

<h3>Pourquoi jouer au Golf en hiver ?</h3>

<ul>
<li><strong>Parcours moins fréquentés :</strong> Pas d'attente, rythme libre</li>
<li><strong>Tarifs réduits :</strong> Green fees 30-50% moins chers</li>
<li><strong>Conditions uniques :</strong> Parcours givré, lumière particulière</li>
<li><strong>Progression technique :</strong> Conditions difficiles = meilleure maîtrise</li>
<li><strong>Maintien de la forme :</strong> Pas de coupure, restez affûté</li>
</ul>

<h2>Les meilleures destinations Golf d'hiver en France</h2>

<h3>1. la côte d'azur ⭐⭐⭐⭐⭐</h3>

<p><strong>Température moyenne :</strong> 10-15°C (décembre à février)</p>

<p><strong>Parcours ouverts toute l'année :</strong></p>

<ul>
<li><strong>Golf de Cannes-Mougins :</strong> Ensoleillement exceptionnel</li>
<li><strong>Monte-Carlo Golf Club :</strong> Vue panoramique sur la Méditerranée</li>
<li><strong>Old Course Cannes-Mandelieu :</strong> Links face à la mer</li>
<li><strong>Golf d'Opio-Valbonne :</strong> Arrière-pays cannois, microlimat</li>
</ul>

<p><strong>Avantages :</strong></p>

<ul>
<li>200+ jours de soleil par an</li>
<li>Pluie rare en hiver</li>
<li>Infrastructures touristiques de qualité</li>
</ul>

<p><strong>Tarifs hiver :</strong> 60-120€ (vs 100-180€ en été)</p>

<h3>2. le sud-ouest : Biarritz et pays basque ⭐⭐⭐⭐</h3>

<p><strong>Température moyenne :</strong> 8-12°C</p>

<p><strong>Parcours recommandés :</strong></p>

<ul>
<li><strong>Golf de Biarritz Le Phare :</strong> Links historique face à l'océan</li>
<li><strong>Golf de Chiberta :</strong> Links en bord de mer, drainage parfait</li>
<li><strong>Golf d'Ilbarritz :</strong> 9 trous compact, idéal hiver</li>
</ul>

<p><strong>Particularités :</strong></p>

<ul>
<li>Climat océanique doux</li>
<li>Vent présent (challenge technique)</li>
<li>Gastronomie exceptionnelle</li>
</ul>

<p><strong>À savoir :</strong> Pluie fréquente mais passages nuageux courts. Prévoyez l'imperméable !</p>

<h3>3. la provence ⭐⭐⭐⭐</h3>

<p><strong>Température moyenne :</strong> 8-14°C</p>

<p><strong>Meilleurs parcours hivernaux :</strong></p>

<ul>
<li><strong>Golf de Pont Royal :</strong> Mallemort, toujours au sec</li>
<li><strong>Golf de Servanes :</strong> Au pied des Alpilles</li>
<li><strong>Golf d'Aix-Marseille :</strong> Les Pennes-Mirabeau</li>
</ul>

<p><strong>Points forts :</strong></p>

<ul>
<li>Mistral = ciel bleu garanti</li>
<li>Peu de pluie (décembre-janvier)</li>
<li>Paysages magnifiques l'hiver</li>
</ul>

<h3>4. les landes et l'aquitaine ⭐⭐⭐</h3>

<p><strong>Parcours forestiers toute saison :</strong></p>

<ul>
<li><strong>Golf d'Hossegor :</strong> Forêt de pins, parcours drainant</li>
<li><strong>Golf de Seignosse :</strong> Excellent drainage</li>
<li><strong>Golf de Moliets :</strong> Links-style landais</li>
</ul>

<p><strong>Caractéristiques :</strong></p>

<ul>
<li>Sol sableux = joue même après la pluie</li>
<li>Forêt protège du vent</li>
<li>Ambiance nature préservée</li>
</ul>

<h2>Équipement spécial hiver : Le guide complet</h2>

<h3>Vêtements : La technique des 3 couches</h3>

<h4>Couche 1 : Sous-vêtements thermiques (15-30€)</h4>

<ul>
<li><strong>Matière :</strong> Synthétique ou laine mérinos (évitez le coton)</li>
<li><strong>Fonction :</strong> Évacuer la transpiration, garder au sec</li>
<li><strong>Marques :</strong> Uniqlo Heattech, Odlo, Icebreaker</li>
</ul>

<h4>Couche 2 : Isolation (40-80€)</h4>

<ul>
<li><strong>Pull fin en laine :</strong> ou polaire technique</li>
<li><strong>Gilet sans manches :</strong> Pour libérer les bras au swing</li>
<li><strong>Alternative :</strong> Mid-layer golf spécifique (Callaway, Under Armour)</li>
</ul>

<h4>Couche 3 : Protection (80-200€)</h4>

<ul>
<li><strong>Veste coupe-vent imperméable</strong></li>
<li><strong>Caractéristiques essentielles :</strong>
<ul>
<li>Respirante (Gore-Tex ou équivalent)</li>
<li>Capuche ajustable</li>
<li>Poches zippées</li>
<li>Extensible (liberté de mouvement au swing)</li>
</ul>
</li>
<li><strong>Marques golf :</strong> FootJoy, Galvin Green, Nike Golf</li>
</ul>

<h3>Extrémités : Gants, bonnets, chaussures</h3>

<h4>Gants de Golf hiver (20-40€)</h4>

<ul>
<li><strong>Gants chauffants :</strong> Paire pour porter entre les coups</li>
<li><strong>Gants de jeu hiver :</strong> Plus épais que l'été, moins de feeling mais mains au chaud</li>
<li><strong>Astuce :</strong> Chauffe-mains dans les poches (2€ en pharmacie)</li>
</ul>

<h4>Bonnet/casquette</h4>

<ul>
<li><strong>Bonnet fin golf :</strong> Sous la casquette si besoin</li>
<li><strong>Casquette imperméable :</strong> Avec protège-nuque</li>
<li><strong>Tour de cou :</strong> Type Buff, très pratique</li>
</ul>

<h4>Chaussures (100-200€)</h4>

<ul>
<li><strong>Impératives :</strong> Chaussures de golf imperméables Gore-Tex</li>
<li><strong>Semelles :</strong> Crampons ou soft spikes (jamais chaussures d'été)</li>
<li><strong>Chaussettes :</strong> Laine mérinos épaisses, anti-ampoules</li>
</ul>

<h3>Accessoires indispensables</h3>

<ul>
<li><strong>Parapluie golf (60-80cm) :</strong> Grand format, solide au vent</li>
<li><strong>Serviette microfibre :</strong> Pour sécher clubs et mains</li>
<li><strong>Thermos :</strong> Thé ou café chaud (game changer !)</li>
<li><strong>Balles hiver :</strong> Compression faible pour temps froid</li>
</ul>

<h2>Adapter son jeu au froid</h2>

<h3>Impact du froid sur les distances</h3>

<p><strong>Perte moyenne par 10°C :</strong></p>

<ul>
<li>Driver : -5 à -10 mètres</li>
<li>Fer 7 : -3 à -5 mètres</li>
<li>Wedges : -2 à -3 mètres</li>
</ul>

<p><strong>Pourquoi ?</strong></p>

<ul>
<li>Air plus dense = plus de résistance</li>
<li>Balles moins compressées = moins d'énergie transmise</li>
<li>Corps moins souple = vitesse de club réduite</li>
</ul>

<p><strong>Solution :</strong> Montez d'un à deux clubs (fer 7 au lieu de fer 9)</p>

<h3>Échauffement hiver (15-20 minutes minimum)</h3>

<h4>Au vestiaire (5 min)</h4>

<ul>
<li>Rotations d'épaules</li>
<li>Étirements du dos</li>
<li>Fentes pour jambes</li>
<li>Cercles de bras</li>
</ul>

<h4>Au practice (10 min)</h4>

<ul>
<li>Commencez par le wedge (pas le driver !)</li>
<li>Swings courts (½ swing)</li>
<li>Augmentez progressivement l'amplitude</li>
<li>Terminez par 5-10 balles au driver</li>
</ul>

<h4>Putting green (5 min)</h4>

<ul>
<li>Greens plus lents l'hiver</li>
<li>Putts de distance pour calibrer</li>
<li>Habituez-vous à taper plus fort</li>
</ul>

<h3>Stratégie de jeu hivernal</h3>

<ul>
<li><strong>Jouez conservateur :</strong> Visez le centre des greens</li>
<li><strong>Évitez les drapeaux :</strong> Greens gelés = balles qui roulent loin</li>
<li><strong>Anticipez le roll :</strong> Fairways durs = balles qui roulent beaucoup</li>
<li><strong>Préférez le bump & run :</strong> Aux approches aériennes (sol dur)</li>
<li><strong>Soyez patient :</strong> Vos scores seront plus élevés, c'est normal</li>
</ul>

<h2>Règles locales d'hiver</h2>

<h3>La règle du ""placer""</h3>

<p>De novembre à mars, la plupart des parcours autorisent :</p>

<ul>
<li><strong>""Lift, Clean & Place"" :</strong> Relever, nettoyer et replacer votre balle sur le fairway</li>
<li><strong>Distance :</strong> Généralement 1 carte de score (15cm)</li>
<li><strong>Pas plus près du trou :</strong> Toujours</li>
<li><strong>But :</strong> Éviter les balles boueuses, protéger le terrain</li>
</ul>

<p><strong>Vérifiez au club :</strong> Chaque parcours a ses propres règles locales.</p>

<h3>Greens temporaires</h3>

<ul>
<li><strong>Greens d'hiver :</strong> Surfaces temporaires devant le green principal</li>
<li><strong>Raison :</strong> Protéger les vrais greens du gel et du piétinement</li>
<li><strong>Jeu :</strong> Même règles que sur un green normal</li>
<li><strong>Scorecard :</strong> Adaptez les distances (souvent 10-20m plus court)</li>
</ul>

<h2>Golf indoor : L'alternative par très mauvais temps</h2>

<h3>Simulateurs de Golf</h3>

<p><strong>Comment ça marche ?</strong></p>

<ul>
<li>Écran géant + capteurs de mouvement</li>
<li>Reproduction de parcours réels (Pebble Beach, St Andrews, etc.)</li>
<li>Analyse swing en temps réel</li>
</ul>

<p><strong>Où en trouver ?</strong></p>

<ul>
<li><strong>Urban Golf :</strong> Chaîne présente dans plusieurs villes françaises</li>
<li><strong>Clubs privés :</strong> De plus en plus équipés</li>
<li><strong>Bars à golf :</strong> Concept lounge + simulateurs</li>
</ul>

<p><strong>Tarifs :</strong> 30-60€/heure (à partager entre 2-4 joueurs)</p>

<h3>Practice couvert</h3>

<p><strong>Avantages :</strong></p>

<ul>
<li>Continuer à travailler son swing</li>
<li>Souvent chauffé</li>
<li>Éclairage jusqu'à 22h</li>
</ul>

<p><strong>Quelques adresses :</strong></p>

<ul>
<li><strong>Golf du Haras de Jardy :</strong> Practice 2 étages (Île-de-France)</li>
<li><strong>Golf Lyon Verger :</strong> Practice couvert chauffé</li>
<li><strong>Golf Toulouse Palmola :</strong> 50 postes couverts</li>
</ul>

<h2>Entretien du matériel en hiver</h2>

<h3>Après chaque partie</h3>

<ul>
<li><strong>Nettoyez les clubs :</strong> Boue et humidité = rouille</li>
<li><strong>Séchez les grips :</strong> Serviette + stockage au sec</li>
<li><strong>Inspectez les crampons :</strong> Remplacez si usés</li>
<li><strong>Aérez le sac :</strong> Ne laissez jamais fermé humide</li>
</ul>

<h3>Stockage hivernal</h3>

<ul>
<li><strong>Température :</strong> Évitez le garage non chauffé (gel)</li>
<li><strong>Humidité :</strong> Cave humide = désastre pour les grips</li>
<li><strong>Idéal :</strong> Intérieur maison, température ambiante</li>
<li><strong>Protection :</strong> Housse de sac si stockage prolongé</li>
</ul>

<h2>Santé et sécurité en hiver</h2>

<h3>Risques à connaître</h3>

<ul>
<li><strong>Hypothermie :</strong> Si température corporelle < 35°C
<ul>
<li>Symptômes : frissons violents, confusion, fatigue extrême</li>
<li>Prévention : 3 couches, bonnet, gants, alimentation</li>
</ul>
</li>
<li><strong>Glissades :</strong> Surfaces gelées le matin
<ul>
<li>Attention aux tees de départ, ponts, escaliers</li>
<li>Marchez lentement dans les pentes</li>
</ul>
</li>
<li><strong>Déshydratation :</strong> On ressent moins la soif l'hiver
<ul>
<li>Buvez régulièrement (eau chaude ou thé)</li>
<li>Évitez alcool et caféine (effet diurétique)</li>
</ul>
</li>
</ul>

<h3>Quand renoncer ?</h3>

<p><strong>Annulez si :</strong></p>

<ul>
<li>Température < -5°C (risque gel des greens)</li>
<li>Neige épaisse (balle introuvable)</li>
<li>Vent > 60 km/h (dangereux + injouable)</li>
<li>Orage hivernal (foudre)</li>
<li>Verglas généralisé</li>
</ul>

<p><strong>Le golf reste un plaisir :</strong> Si vous souffrez du froid, ce n'est plus du plaisir !</p>

<h2>Planning hiver : Organiser sa saison</h2>

<h3>Novembre-décembre : Transition</h3>

<ul>
<li><strong>Fréquence :</strong> 1-2 parties par semaine</li>
<li><strong>Focus :</strong> S'adapter aux nouvelles conditions</li>
<li><strong>Objectif :</strong> Maintenir le swing, pas de performance</li>
</ul>

<h3>Janvier-février : Creux de l'hiver</h3>

<ul>
<li><strong>Fréquence :</strong> 1 partie toutes les 2 semaines + practice</li>
<li><strong>Focus :</strong> Travail technique au practice ou simulateur</li>
<li><strong>Objectif :</strong> Ne pas perdre les acquis de l'été</li>
</ul>

<h3>Mars : Reprise</h3>

<ul>
<li><strong>Fréquence :</strong> 2 parties par semaine</li>
<li><strong>Focus :</strong> Retrouver les sensations, recalibrer les distances</li>
<li><strong>Objectif :</strong> Être prêt pour la haute saison d'avril</li>
</ul>

<h2>Week-ends Golf hiver : Idées escapades</h2>

<h3>Formule ""golf + spa"" (250-400€/pers)</h3>

<ul>
<li><strong>Matin :</strong> 18 trous au grand air</li>
<li><strong>Après-midi :</strong> Spa, sauna, massage</li>
<li><strong>Soiroir :</strong> Dîner gastronomique</li>
</ul>

<p><strong>Destinations :</strong></p>

<ul>
<li>Évian Resort (Haute-Savoie)</li>
<li>Terre Blanche (Var)</li>
<li>Golf Barrière Deauville (Normandie)</li>
</ul>

<h3>Séjour ""golf + œnologie"" (300-500€/pers)</h3>

<ul>
<li><strong>Golf le matin</strong></li>
<li><strong>Visite de cave l'après-midi</strong></li>
<li><strong>Dégustation et dîner le soir</strong></li>
</ul>

<p><strong>Régions :</strong></p>

<ul>
<li>Bordelais (Golf du Médoc)</li>
<li>Bourgogne (Golf de Beaune)</li>
<li>Champagne (Golf de Reims)</li>
</ul>

<h2>Trouver des partenaires pour jouer l'hiver</h2>

<p>Le golf d'hiver se joue idéalement en petit comité (2-3 joueurs). Utilisez <strong>Golf Buddies</strong> pour trouver d'autres passionnés qui ne s'arrêtent pas l'hiver :</p>

<ul>
<li>Filtrez par ""Disponible hors saison""</li>
<li>Organisez des parties spontanées en fonction de la météo</li>
<li>Rejoignez des groupes ""Golf 12 mois/12""</li>
</ul>

<p><a href=""https://golf-buddies.vercel.app"">Trouvez vos partenaires hiver sur Golf Buddies →</a></p>

<h2>Conclusion : L'hiver, une saison à redécouvrir</h2>

<p>Le golf d'hiver offre une expérience unique : parcours déserts, lumière rasante magnifique, challenge technique accru. Avec le bon état d'esprit (ne pas chercher la performance) et le bon équipement, vous découvrirez un autre visage du golf.</p>

<p><strong>Les clés du succès hivernal :</strong></p>

<ol>
<li>Investir dans des vêtements techniques (150-300€)</li>
<li>Choisir les bons parcours (Sud, drainage, abri du vent)</li>
<li>Adapter ses attentes (scores 5-10 coups plus élevés)</li>
<li>Profiter de tarifs avantageux</li>
<li>Maintenir sa pratique pour exploser au printemps</li>
</ol>

<p>Alors, prêt à défier le froid et à devenir un vrai golfeur 4 saisons ?</p>

<p><em>Partagez vos astuces golf d'hiver en commentaire, et trouvez vos compagnons de parcours sur <a href=""https://golf-buddies.vercel.app"">Golf Buddies</a> !</em></p>"		Conseils Golf, Destinations		golf hiver, golf toute année, équipement golf froid, golf côte azur, destinations golf
